{
  "95ea7bdfea54c771d8d984c75130aff5" : {
    "statistic" : {
      "failed" : 0,
      "broken" : 0,
      "skipped" : 0,
      "passed" : 1,
      "unknown" : 0,
      "total" : 1
    },
    "items" : [ {
      "uid" : "31b9c4e7b1ee461b",
      "status" : "passed",
      "time" : {
        "start" : 1645519109873,
        "stop" : 1645519121376,
        "duration" : 11503
      }
    } ]
  },
  "8a7dc76e029b191819e790880254a2ac" : {
    "statistic" : {
      "failed" : 0,
      "broken" : 0,
      "skipped" : 0,
      "passed" : 1,
      "unknown" : 0,
      "total" : 1
    },
    "items" : [ {
      "uid" : "8327c52bd6824297",
      "status" : "passed",
      "time" : {
        "start" : 1645519125501,
        "stop" : 1645519137243,
        "duration" : 11742
      }
    } ]
  }
}