{
  "uid" : "b1a8273437954620fa374b796ffaacdd",
  "name" : "behaviors",
  "children" : [ {
    "name" : "网易登录",
    "children" : [ {
      "name" : "测试iffrom",
      "children" : [ {
        "name" : "测试iffrom",
        "uid" : "31b9c4e7b1ee461b",
        "parentUid" : "bd93ff7888e9d87a8c1788b2468e57f4",
        "status" : "passed",
        "time" : {
          "start" : 1645519109873,
          "stop" : 1645519121376,
          "duration" : 11503
        },
        "flaky" : false,
        "newFailed" : false,
        "parameters" : [ "'123@163.vom'", "'123@163.vom'" ]
      }, {
        "name" : "测试iffrom",
        "uid" : "8327c52bd6824297",
        "parentUid" : "bd93ff7888e9d87a8c1788b2468e57f4",
        "status" : "passed",
        "time" : {
          "start" : 1645519125501,
          "stop" : 1645519137243,
          "duration" : 11742
        },
        "flaky" : false,
        "newFailed" : false,
        "parameters" : [ "'000@163.vom'", "'000@163.vom'" ]
      } ],
      "uid" : "bd93ff7888e9d87a8c1788b2468e57f4"
    } ],
    "uid" : "8f93e72097b10f908c21800485b01d1c"
  } ]
}