{
  "uid" : "83edc06c07f9ae9e47eb6dd1b683e4e2",
  "name" : "packages",
  "children" : [ {
    "name" : "case.web_demo.test_wy163",
    "children" : [ {
      "name" : "测试iffrom",
      "uid" : "31b9c4e7b1ee461b",
      "parentUid" : "bcbf89c79dd39e3097a05912888abf8b",
      "status" : "passed",
      "time" : {
        "start" : 1645519109873,
        "stop" : 1645519121376,
        "duration" : 11503
      },
      "flaky" : false,
      "newFailed" : false,
      "parameters" : [ "'123@163.vom'", "'123@163.vom'" ]
    }, {
      "name" : "测试iffrom",
      "uid" : "8327c52bd6824297",
      "parentUid" : "bcbf89c79dd39e3097a05912888abf8b",
      "status" : "passed",
      "time" : {
        "start" : 1645519125501,
        "stop" : 1645519137243,
        "duration" : 11742
      },
      "flaky" : false,
      "newFailed" : false,
      "parameters" : [ "'000@163.vom'", "'000@163.vom'" ]
    } ],
    "uid" : "case.web_demo.test_wy163"
  } ]
}