{
  "uid" : "98d3104e051c652961429bf95fa0b5d6",
  "name" : "suites",
  "children" : [ {
    "name" : "case.web_demo",
    "children" : [ {
      "name" : "test_wy163",
      "children" : [ {
        "name" : "TestWangYi",
        "children" : [ {
          "name" : "测试iffrom",
          "uid" : "31b9c4e7b1ee461b",
          "parentUid" : "d55f446772212c256661e2d9d4d37363",
          "status" : "passed",
          "time" : {
            "start" : 1645519109873,
            "stop" : 1645519121376,
            "duration" : 11503
          },
          "flaky" : false,
          "newFailed" : false,
          "parameters" : [ "'123@163.vom'", "'123@163.vom'" ]
        }, {
          "name" : "测试iffrom",
          "uid" : "8327c52bd6824297",
          "parentUid" : "d55f446772212c256661e2d9d4d37363",
          "status" : "passed",
          "time" : {
            "start" : 1645519125501,
            "stop" : 1645519137243,
            "duration" : 11742
          },
          "flaky" : false,
          "newFailed" : false,
          "parameters" : [ "'000@163.vom'", "'000@163.vom'" ]
        } ],
        "uid" : "d55f446772212c256661e2d9d4d37363"
      } ],
      "uid" : "6cfbdc9e633a14a135d479acdf9541b0"
    } ],
    "uid" : "c67c09617ba79a2372c6af278a90599e"
  } ]
}