{
  "uid" : "ab17fc5a4eb3bca4b216b548c7f9fcbc",
  "name" : "timeline",
  "children" : [ {
    "name" : "han.local",
    "children" : [ {
      "name" : "68138-MainThread",
      "children" : [ {
        "name" : "测试iffrom",
        "uid" : "8327c52bd6824297",
        "parentUid" : "14221393a1dd7130f5bf91bebed4626e",
        "status" : "passed",
        "time" : {
          "start" : 1645519125501,
          "stop" : 1645519137243,
          "duration" : 11742
        },
        "flaky" : false,
        "newFailed" : false,
        "parameters" : [ "'000@163.vom'", "'000@163.vom'" ]
      }, {
        "name" : "测试iffrom",
        "uid" : "31b9c4e7b1ee461b",
        "parentUid" : "14221393a1dd7130f5bf91bebed4626e",
        "status" : "passed",
        "time" : {
          "start" : 1645519109873,
          "stop" : 1645519121376,
          "duration" : 11503
        },
        "flaky" : false,
        "newFailed" : false,
        "parameters" : [ "'123@163.vom'", "'123@163.vom'" ]
      } ],
      "uid" : "14221393a1dd7130f5bf91bebed4626e"
    }, {
      "name" : "67433-MainThread",
      "children" : [ {
        "name" : "测试iffrom",
        "uid" : "6a5c1de14a434a40",
        "parentUid" : "351a724ad7be931579e73715a9b33ba9",
        "status" : "passed",
        "time" : {
          "start" : 1645519025456,
          "stop" : 1645519036959,
          "duration" : 11503
        },
        "flaky" : false,
        "newFailed" : false,
        "parameters" : [ "'123@163.vom'", "'123@163.vom'" ]
      }, {
        "name" : "测试iffrom",
        "uid" : "415c685ad10b3fe",
        "parentUid" : "351a724ad7be931579e73715a9b33ba9",
        "status" : "passed",
        "time" : {
          "start" : 1645519040913,
          "stop" : 1645519052300,
          "duration" : 11387
        },
        "flaky" : false,
        "newFailed" : false,
        "parameters" : [ "'000@163.vom'", "'000@163.vom'" ]
      } ],
      "uid" : "351a724ad7be931579e73715a9b33ba9"
    }, {
      "name" : "66006-MainThread",
      "children" : [ {
        "name" : "测试iffrom",
        "uid" : "379fd1ef94b65d0",
        "parentUid" : "77b71bf826960a2235730ccfb21831c1",
        "status" : "passed",
        "time" : {
          "start" : 1645518833391,
          "stop" : 1645518844796,
          "duration" : 11405
        },
        "flaky" : false,
        "newFailed" : false,
        "parameters" : [ "'123@163.vom'", "'123@163.vom'" ]
      }, {
        "name" : "测试iffrom",
        "uid" : "cf0e72df67c35d4b",
        "parentUid" : "77b71bf826960a2235730ccfb21831c1",
        "status" : "passed",
        "time" : {
          "start" : 1645518848710,
          "stop" : 1645518860206,
          "duration" : 11496
        },
        "flaky" : false,
        "newFailed" : false,
        "parameters" : [ "'000@163.vom'", "'000@163.vom'" ]
      } ],
      "uid" : "77b71bf826960a2235730ccfb21831c1"
    }, {
      "name" : "65360-MainThread",
      "children" : [ {
        "name" : "测试iffrom",
        "uid" : "96ae05365721721e",
        "parentUid" : "ce808e80c43cf79ff4f550054e753ae3",
        "status" : "broken",
        "time" : {
          "start" : 1645518758962,
          "stop" : 1645518759121,
          "duration" : 159
        },
        "flaky" : false,
        "newFailed" : false,
        "parameters" : [ "'123@163.vom'", "'123@163.vom'" ]
      }, {
        "name" : "测试iffrom",
        "uid" : "71fe94ae0d6bed5e",
        "parentUid" : "ce808e80c43cf79ff4f550054e753ae3",
        "status" : "broken",
        "time" : {
          "start" : 1645518761890,
          "stop" : 1645518762069,
          "duration" : 179
        },
        "flaky" : false,
        "newFailed" : false,
        "parameters" : [ "'000@163.vom'", "'000@163.vom'" ]
      } ],
      "uid" : "ce808e80c43cf79ff4f550054e753ae3"
    } ],
    "uid" : "a3f595151c04ec7fbaf2501c5c2a78cb"
  } ]
}